{
  "initial_capital": 1000.0,
  "cash": 136.4879226091402,
  "inventory": {
    "BTC": 0.0007616599248832796,
    "ETH": 0.06795614144575615,
    "USDC": 99.94503023337164,
    "SOL": 0.5670110251681774,
    "ZEC": 0.00022973600057297637,
    "XRP": 47.030742532190374,
    "BNB": 0.1518560976057877,
    "DOGE": 551.4211316361854,
    "MET": 5.8909630457635345,
    "FDUSD": 47.95475058135395
  },
  "avg_prices": {
    "BTC": 95712.64499999999,
    "ETH": 3211.444801195274,
    "USDC": 1.00055,
    "SOL": 142.85500000000002,
    "ZEC": 594.4394639731925,
    "XRP": 2.3134635841079962,
    "BNB": 930.9596892279637,
    "DOGE": 0.163215,
    "MET": 0.4756,
    "FDUSD": 0.99735
  },
  "trades_count": 40,
  "total_fees_paid": 0.3034720643513465,
  "total_rebates": 0.01010599630005899,
  "last_save": "2025-11-14T19:30:04.320516"
}